{
  "train_losses": [
    0.7755733244121075,
    0.7310344018042088
  ],
  "val_losses": [
    0.7194443792104721,
    0.6855527460575104
  ],
  "train_accuracies": [
    45.8498023715415,
    47.82608695652174
  ],
  "val_accuracies": [
    51.578947368421055,
    57.36842105263158
  ],
  "best_epoch": 2,
  "best_val_loss": 0.6855527460575104,
  "best_val_accuracy": 57.36842105263158
}