{
  "train_losses": [
    0.5511025606344143,
    0.5421201388041178
  ],
  "val_losses": [
    0.5514706447720528,
    0.5353440965215365
  ],
  "train_accuracies": [
    74.44005270092227,
    78.91963109354414
  ],
  "val_accuracies": [
    75.78947368421052,
    79.47368421052632
  ],
  "best_epoch": 2,
  "best_val_loss": 0.5353440965215365,
  "best_val_accuracy": 79.47368421052632
}