{
  "train_losses": [
    0.3956843713919322,
    0.12732891937096913,
    0.08881169861803452,
    0.07685001095136007,
    0.04260115331659715
  ],
  "val_losses": [
    0.19845358381668726,
    0.10171509608626365,
    0.07249440625309944,
    0.0570736497019728,
    0.049610832488785186
  ],
  "train_accuracies": [
    84.21052631578948,
    97.47368421052632,
    98.94736842105263,
    98.10526315789474,
    99.36842105263158
  ],
  "val_accuracies": [
    96.41350210970464,
    98.52320675105486,
    98.31223628691983,
    98.94514767932489,
    98.94514767932489
  ],
  "best_epoch": 5,
  "best_val_loss": 0.049610832488785186,
  "best_val_accuracy": 98.94514767932489
}