{
  "train_losses": [
    0.8277371823787689,
    0.7611436086396376
  ],
  "val_losses": [
    0.8380102217197418,
    0.7669389049212137
  ],
  "train_accuracies": [
    48.22134387351779,
    49.80237154150198
  ],
  "val_accuracies": [
    46.31578947368421,
    47.36842105263158
  ],
  "best_epoch": 2,
  "best_val_loss": 0.7669389049212137,
  "best_val_accuracy": 47.36842105263158
}