{
  "train_losses": [
    0.8469088847438494,
    0.8086071324845155
  ],
  "val_losses": [
    0.8012928714354833,
    0.7637463758389155
  ],
  "train_accuracies": [
    45.19104084321476,
    45.718050065876156
  ],
  "val_accuracies": [
    49.473684210526315,
    47.36842105263158
  ],
  "best_epoch": 2,
  "best_val_loss": 0.7637463758389155,
  "best_val_accuracy": 47.36842105263158
}