{
  "train_losses": [
    0.7372139431536198,
    0.706249131510655
  ],
  "val_losses": [
    0.7083202103773752,
    0.6852504163980484
  ],
  "train_accuracies": [
    49.40711462450593,
    53.49143610013175
  ],
  "val_accuracies": [
    55.78947368421053,
    56.8421052631579
  ],
  "best_epoch": 2,
  "best_val_loss": 0.6852504163980484,
  "best_val_accuracy": 56.8421052631579
}