{
  "train_losses": [
    0.7584622874855995,
    0.7192720398306847
  ],
  "val_losses": [
    0.7174214124679565,
    0.6897943814595541
  ],
  "train_accuracies": [
    49.53886693017128,
    52.96442687747036
  ],
  "val_accuracies": [
    54.21052631578947,
    55.26315789473684
  ],
  "best_epoch": 2,
  "best_val_loss": 0.6897943814595541,
  "best_val_accuracy": 55.26315789473684
}