{
  "train_losses": [
    0.7807345353066921,
    0.7343726580341657
  ],
  "val_losses": [
    0.7277958939472834,
    0.6932711005210876
  ],
  "train_accuracies": [
    48.81578947368421,
    48.81578947368421
  ],
  "val_accuracies": [
    53.439153439153436,
    56.08465608465608
  ],
  "best_epoch": 2,
  "best_val_loss": 0.6932711005210876,
  "best_val_accuracy": 56.08465608465608
}