{
  "train_losses": [
    0.38972349744290113,
    0.10953709541354328,
    0.067963551535892,
    0.04226739661923299,
    0.0436114722979255,
    0.024173163964102667,
    0.020483773458787862,
    0.01692610623528405,
    0.016776020459171075,
    0.012842115931562148
  ],
  "val_losses": [
    0.12265278305858374,
    0.06257307327662905,
    0.04682824062183499,
    0.029399833564336102,
    0.022174677695147693,
    0.019069196850371856,
    0.019369198940694332,
    0.01402316679013893,
    0.012829325336497277,
    0.010757137963082641
  ],
  "train_accuracies": [
    82.47694334650856,
    97.62845849802372,
    99.07773386034256,
    99.47299077733861,
    99.47299077733861,
    99.7364953886693,
    99.86824769433466,
    99.86824769433466,
    100.0,
    100.0
  ],
  "val_accuracies": [
    99.47368421052632,
    99.47368421052632,
    99.47368421052632,
    99.47368421052632,
    100.0,
    100.0,
    100.0,
    100.0,
    100.0,
    100.0
  ],
  "best_epoch": 10,
  "best_val_loss": 0.010757137963082641,
  "best_val_accuracy": 100.0
}