{
  "train_losses": [
    0.635343057413896,
    0.6126520192871491
  ],
  "val_losses": [
    0.6277663310368856,
    0.5955734079082807
  ],
  "train_accuracies": [
    66.00790513833992,
    68.6429512516469
  ],
  "val_accuracies": [
    67.89473684210526,
    72.63157894736842
  ],
  "best_epoch": 2,
  "best_val_loss": 0.5955734079082807,
  "best_val_accuracy": 72.63157894736842
}