{
  "train_losses": [
    0.8130587848524252,
    0.7820485308766365
  ],
  "val_losses": [
    0.7894008507331213,
    0.7535125662883123
  ],
  "train_accuracies": [
    48.616600790513836,
    47.430830039525695
  ],
  "val_accuracies": [
    51.578947368421055,
    48.94736842105263
  ],
  "best_epoch": 2,
  "best_val_loss": 0.7535125662883123,
  "best_val_accuracy": 48.94736842105263
}