{
  "train_losses": [
    0.6878455343345801,
    0.6655195721735557
  ],
  "val_losses": [
    0.6537537674109141,
    0.6260293076435725
  ],
  "train_accuracies": [
    55.921052631578945,
    60.921052631578945
  ],
  "val_accuracies": [
    61.37566137566137,
    64.02116402116403
  ],
  "best_epoch": 2,
  "best_val_loss": 0.6260293076435725,
  "best_val_accuracy": 64.02116402116403
}