{
  "train_losses": [
    1.0337651160856087,
    0.9209376169989506
  ],
  "val_losses": [
    0.9243573695421219,
    0.8447153170903524
  ],
  "train_accuracies": [
    50.98814229249012,
    51.25164690382082
  ],
  "val_accuracies": [
    56.8421052631579,
    56.31578947368421
  ],
  "best_epoch": 2,
  "best_val_loss": 0.8447153170903524,
  "best_val_accuracy": 56.31578947368421
}