{
  "train_losses": [
    0.8087571238478025,
    0.798826682070891
  ],
  "val_losses": [
    0.8512138326962789,
    0.8302707423766454
  ],
  "train_accuracies": [
    41.37022397891963,
    42.16073781291173
  ],
  "val_accuracies": [
    37.89473684210526,
    35.78947368421053
  ],
  "best_epoch": 2,
  "best_val_loss": 0.8302707423766454,
  "best_val_accuracy": 35.78947368421053
}