{
  "train_losses": [
    0.9563331281145414,
    0.8565231015284857
  ],
  "val_losses": [
    0.8320447653532028,
    0.7473553816477457
  ],
  "train_accuracies": [
    45.98155467720685,
    46.3768115942029
  ],
  "val_accuracies": [
    55.78947368421053,
    58.421052631578945
  ],
  "best_epoch": 2,
  "best_val_loss": 0.7473553816477457,
  "best_val_accuracy": 58.421052631578945
}