{
  "train_losses": [
    0.6861392594873905,
    0.6651647463440895
  ],
  "val_losses": [
    0.6619421889384588,
    0.6111122866471609
  ],
  "train_accuracies": [
    56.258234519104086,
    59.81554677206851
  ],
  "val_accuracies": [
    60.0,
    66.3157894736842
  ],
  "best_epoch": 2,
  "best_val_loss": 0.6111122866471609,
  "best_val_accuracy": 66.3157894736842
}