{
  "train_losses": [
    0.7897300235927105,
    0.7430647810300192
  ],
  "val_losses": [
    0.7491998076438904,
    0.7289674977461497
  ],
  "train_accuracies": [
    52.36842105263158,
    51.71052631578947
  ],
  "val_accuracies": [
    51.851851851851855,
    52.91005291005291
  ],
  "best_epoch": 2,
  "best_val_loss": 0.7289674977461497,
  "best_val_accuracy": 52.91005291005291
}