{
  "train_losses": [
    0.38649888181438047,
    0.10451628182393809,
    0.0803261300122055,
    0.04184531113908937,
    0.038466334653397403,
    0.02944290587523331,
    0.020518332637342002,
    0.018718352429762792,
    0.00876437872890771,
    0.009710230976149129
  ],
  "val_losses": [
    0.12257601569096248,
    0.06891619755576055,
    0.05486174005394181,
    0.03752523668420812,
    0.029893043470413733,
    0.025890486101464678,
    0.025997744349297136,
    0.03321158866553257,
    0.024370295752305537,
    0.022139114618767053
  ],
  "train_accuracies": [
    84.18972332015811,
    97.76021080368906,
    98.15546772068511,
    99.60474308300395,
    99.34123847167325,
    99.47299077733861,
    99.60474308300395,
    99.47299077733861,
    100.0,
    100.0
  ],
  "val_accuracies": [
    98.42105263157895,
    98.42105263157895,
    98.42105263157895,
    98.94736842105263,
    98.94736842105263,
    98.94736842105263,
    98.94736842105263,
    99.47368421052632,
    99.47368421052632,
    99.47368421052632
  ],
  "best_epoch": 10,
  "best_val_loss": 0.022139114618767053,
  "best_val_accuracy": 99.47368421052632
}