{
  "train_losses": [
    0.9431826770305634,
    0.9126095014313856
  ],
  "val_losses": [
    0.9573459674914678,
    0.9528527011473974
  ],
  "train_accuracies": [
    25.296442687747035,
    27.799736495388668
  ],
  "val_accuracies": [
    28.94736842105263,
    27.36842105263158
  ],
  "best_epoch": 2,
  "best_val_loss": 0.9528527011473974,
  "best_val_accuracy": 27.36842105263158
}