{
  "train_losses": [
    0.5481526931126912,
    0.17150611095130444,
    0.07404461043576399,
    0.05558572777857383,
    0.07676777445400755
  ],
  "val_losses": [
    0.2595949252446493,
    0.09493773120145003,
    0.05691154034187396,
    0.04285675451780359,
    0.03683278202079236
  ],
  "train_accuracies": [
    66.66666666666667,
    96.41350210970464,
    98.73417721518987,
    99.57805907172995,
    98.10126582278481
  ],
  "val_accuracies": [
    89.6842105263158,
    98.94736842105263,
    99.57894736842105,
    99.57894736842105,
    99.15789473684211
  ],
  "best_epoch": 5,
  "best_val_loss": 0.03683278202079236,
  "best_val_accuracy": 99.15789473684211
}