{
  "train_losses": [
    0.30083228057871264,
    0.08343857511257131,
    0.05510246887570247,
    0.03181368993440022,
    0.024461889755912125,
    0.038834822582430206,
    0.016135427775831584,
    0.008484561726315102,
    0.013727430702905016,
    0.017183136209496297
  ],
  "val_losses": [
    0.10380551312118769,
    0.062107476871460676,
    0.0524464373011142,
    0.03886784636415541,
    0.03463303972966969,
    0.031774703646078706,
    0.03673337597865611,
    0.027100377425085753,
    0.025287457887316123,
    0.028600980217258137
  ],
  "train_accuracies": [
    91.699604743083,
    98.28722002635047,
    98.55072463768116,
    99.86824769433466,
    100.0,
    98.9459815546772,
    99.86824769433466,
    100.0,
    99.86824769433466,
    99.60474308300395
  ],
  "val_accuracies": [
    98.94736842105263,
    98.42105263157895,
    97.89473684210526,
    98.94736842105263,
    98.94736842105263,
    98.94736842105263,
    98.42105263157895,
    98.94736842105263,
    98.94736842105263,
    98.42105263157895
  ],
  "best_epoch": 10,
  "best_val_loss": 0.025287457887316123,
  "best_val_accuracy": 98.94736842105263
}