{
  "train_losses": [
    0.7481396968166033,
    0.728996641933918
  ],
  "val_losses": [
    0.7372059673070908,
    0.7005597452322642
  ],
  "train_accuracies": [
    48.35309617918313,
    49.01185770750988
  ],
  "val_accuracies": [
    53.1578947368421,
    57.89473684210526
  ],
  "best_epoch": 2,
  "best_val_loss": 0.7005597452322642,
  "best_val_accuracy": 57.89473684210526
}